-- MySQL dump 10.13  Distrib 5.7.43, for Linux (x86_64)
--
-- Host: animalbingo_app2-db-1    Database: animalbingo_app2_development
-- ------------------------------------------------------
-- Server version	5.7.43

/*!40101 SET @OLD_CHARACTER_SET_CLIENT=@@CHARACTER_SET_CLIENT */;
/*!40101 SET @OLD_CHARACTER_SET_RESULTS=@@CHARACTER_SET_RESULTS */;
/*!40101 SET @OLD_COLLATION_CONNECTION=@@COLLATION_CONNECTION */;
/*!40101 SET NAMES utf8 */;
/*!40103 SET @OLD_TIME_ZONE=@@TIME_ZONE */;
/*!40103 SET TIME_ZONE='+00:00' */;
/*!40014 SET @OLD_UNIQUE_CHECKS=@@UNIQUE_CHECKS, UNIQUE_CHECKS=0 */;
/*!40014 SET @OLD_FOREIGN_KEY_CHECKS=@@FOREIGN_KEY_CHECKS, FOREIGN_KEY_CHECKS=0 */;
/*!40101 SET @OLD_SQL_MODE=@@SQL_MODE, SQL_MODE='NO_AUTO_VALUE_ON_ZERO' */;
/*!40111 SET @OLD_SQL_NOTES=@@SQL_NOTES, SQL_NOTES=0 */;

--
-- Table structure for table `ar_internal_metadata`
--

DROP TABLE IF EXISTS `ar_internal_metadata`;
/*!40101 SET @saved_cs_client     = @@character_set_client */;
/*!40101 SET character_set_client = utf8 */;
CREATE TABLE `ar_internal_metadata` (
  `key` varchar(255) NOT NULL,
  `value` varchar(255) DEFAULT NULL,
  `created_at` datetime(6) NOT NULL,
  `updated_at` datetime(6) NOT NULL,
  PRIMARY KEY (`key`)
) ENGINE=InnoDB DEFAULT CHARSET=utf8mb4;
/*!40101 SET character_set_client = @saved_cs_client */;

--
-- Dumping data for table `ar_internal_metadata`
--

LOCK TABLES `ar_internal_metadata` WRITE;
/*!40000 ALTER TABLE `ar_internal_metadata` DISABLE KEYS */;
INSERT INTO `ar_internal_metadata` VALUES ('environment','development','2024-03-24 13:12:43.863418','2024-03-24 13:12:43.863418');
/*!40000 ALTER TABLE `ar_internal_metadata` ENABLE KEYS */;
UNLOCK TABLES;

--
-- Table structure for table `contacts`
--

DROP TABLE IF EXISTS `contacts`;
/*!40101 SET @saved_cs_client     = @@character_set_client */;
/*!40101 SET character_set_client = utf8 */;
CREATE TABLE `contacts` (
  `id` bigint(20) NOT NULL AUTO_INCREMENT,
  `name` varchar(255) NOT NULL,
  `message` text NOT NULL,
  `created_at` datetime(6) NOT NULL,
  `updated_at` datetime(6) NOT NULL,
  PRIMARY KEY (`id`)
) ENGINE=InnoDB AUTO_INCREMENT=60 DEFAULT CHARSET=utf8mb4;
/*!40101 SET character_set_client = @saved_cs_client */;

--
-- Dumping data for table `contacts`
--

LOCK TABLES `contacts` WRITE;
/*!40000 ALTER TABLE `contacts` DISABLE KEYS */;
INSERT INTO `contacts` VALUES (1,'工藤','お問い合わせ','2024-03-28 15:14:14.918801','2024-03-28 15:14:14.918801'),(2,'工藤','お問い合わせです。','2024-03-28 15:17:42.938013','2024-03-28 15:17:42.938013'),(3,'工藤','お問い合わせ','2024-03-28 15:19:04.535094','2024-03-28 15:19:04.535094'),(4,'工藤','お問い合わせ','2024-03-28 15:23:46.704964','2024-03-28 15:23:46.704964'),(5,'工藤','お問い合わせです。','2024-03-28 15:25:33.064345','2024-03-28 15:25:33.064345'),(6,'工藤','お問い合わせです。','2024-03-28 15:27:48.573343','2024-03-28 15:27:48.573343'),(7,'工藤','お問い合わせです。','2024-03-28 15:30:27.268015','2024-03-28 15:30:27.268015'),(8,'工藤','お問い合わせです。','2024-03-28 15:34:29.728933','2024-03-28 15:34:29.728933'),(9,'工藤','o','2024-03-28 15:48:53.143972','2024-03-28 15:48:53.143972'),(10,'工藤','a','2024-03-28 15:49:23.018610','2024-03-28 15:49:23.018610'),(11,'工藤','a','2024-03-28 15:50:19.163899','2024-03-28 15:50:19.163899'),(12,'工藤','a','2024-03-28 15:54:07.878689','2024-03-28 15:54:07.878689'),(13,'工藤','a','2024-03-28 15:55:03.255813','2024-03-28 15:55:03.255813'),(14,'工藤','a','2024-03-28 15:58:06.469971','2024-03-28 15:58:06.469971'),(15,'工藤','お問い合わせ','2024-03-28 22:33:22.156191','2024-03-28 22:33:22.156191'),(16,'工藤','お問い合わせです。','2024-03-28 22:56:59.990069','2024-03-28 22:56:59.990069'),(17,'工藤','お','2024-03-28 22:57:21.245841','2024-03-28 22:57:21.245841'),(18,'工藤','o','2024-03-28 22:58:06.014422','2024-03-28 22:58:06.014422'),(19,'工藤','あ','2024-03-28 23:03:00.948878','2024-03-28 23:03:00.948878'),(20,'工藤','a','2024-03-28 23:04:43.696323','2024-03-28 23:04:43.696323'),(21,'工藤','a','2024-03-28 23:10:19.933100','2024-03-28 23:10:19.933100'),(22,'工藤','a','2024-03-28 23:10:40.901944','2024-03-28 23:10:40.901944'),(23,'工藤','aaaaaaaaa','2024-03-28 23:12:22.621824','2024-03-28 23:12:22.621824'),(24,'工藤','a','2024-03-28 23:13:33.616017','2024-03-28 23:13:33.616017'),(25,'工藤','a','2024-03-28 23:18:43.639171','2024-03-28 23:18:43.639171'),(26,'工藤','a','2024-03-28 23:20:19.681006','2024-03-28 23:20:19.681006'),(27,'工藤','お問い合わせ','2024-03-28 23:21:10.040057','2024-03-28 23:21:10.040057'),(28,'工藤','あ','2024-03-28 23:21:38.067869','2024-03-28 23:21:38.067869'),(29,'工藤','a','2024-03-29 00:30:38.292441','2024-03-29 00:30:38.292441'),(30,'工藤','a','2024-03-29 00:31:09.725255','2024-03-29 00:31:09.725255'),(31,'a','bb','2024-03-29 00:35:37.490401','2024-03-29 00:35:37.490401'),(32,'工藤','test','2024-04-03 14:14:36.867325','2024-04-03 14:14:36.867325'),(33,'工藤','test','2024-04-03 14:18:50.684215','2024-04-03 14:18:50.684215'),(34,'工藤','a','2024-04-03 14:19:05.436168','2024-04-03 14:19:05.436168'),(35,'工藤','a','2024-04-03 14:20:54.932666','2024-04-03 14:20:54.932666'),(36,'工藤','a','2024-04-03 14:23:31.899980','2024-04-03 14:23:31.899980'),(37,'工藤','a','2024-04-03 14:23:36.118069','2024-04-03 14:23:36.118069'),(38,'工藤','a','2024-04-03 14:24:08.473908','2024-04-03 14:24:08.473908'),(39,'工藤','aaaaa','2024-04-03 14:24:34.781660','2024-04-03 14:24:34.781660'),(40,'工藤','っっs','2024-04-03 14:31:01.821121','2024-04-03 14:31:01.821121'),(41,'aaa','aaa','2024-04-11 05:59:25.316432','2024-04-11 05:59:25.316432'),(42,'aaa','aaa','2024-04-11 06:00:59.556382','2024-04-11 06:00:59.556382'),(43,'aaa','aaa','2024-04-11 06:01:19.135815','2024-04-11 06:01:19.135815'),(44,'aaa','aaa','2024-04-11 06:02:11.998075','2024-04-11 06:02:11.998075'),(45,'bbb','bbb','2024-04-11 06:04:18.173768','2024-04-11 06:04:18.173768'),(46,'bbb','bbb','2024-04-11 06:06:01.242823','2024-04-11 06:06:01.242823'),(47,'aaa','aaa','2024-04-11 06:07:54.826988','2024-04-11 06:07:54.826988'),(48,'a','a','2024-04-11 06:13:18.006155','2024-04-11 06:13:18.006155'),(49,'a','a','2024-04-11 06:17:21.738425','2024-04-11 06:17:21.738425'),(50,'c','c','2024-04-11 06:24:38.310021','2024-04-11 06:24:38.310021'),(51,'d','d','2024-04-11 06:26:16.143059','2024-04-11 06:26:16.143059'),(52,'a','a','2024-04-11 06:28:42.951913','2024-04-11 06:28:42.951913'),(53,'クドウ','メッセージ','2024-04-11 06:32:00.247318','2024-04-11 06:32:00.247318'),(54,'maki','確認２','2024-04-11 06:33:14.778140','2024-04-11 06:33:14.778140'),(55,'maki','確認３','2024-04-11 06:34:26.059104','2024-04-11 06:34:26.059104'),(56,'あ','あ','2024-04-11 06:42:20.030608','2024-04-11 06:42:20.030608'),(57,'a','a','2024-04-11 06:43:14.977674','2024-04-11 06:43:14.977674'),(58,'a','a','2024-04-11 06:43:54.260380','2024-04-11 06:43:54.260380'),(59,'a','a','2024-04-11 06:46:07.194686','2024-04-11 06:46:07.194686');
/*!40000 ALTER TABLE `contacts` ENABLE KEYS */;
UNLOCK TABLES;

--
-- Table structure for table `modes`
--

DROP TABLE IF EXISTS `modes`;
/*!40101 SET @saved_cs_client     = @@character_set_client */;
/*!40101 SET character_set_client = utf8 */;
CREATE TABLE `modes` (
  `id` bigint(20) NOT NULL AUTO_INCREMENT,
  `user_id` bigint(20) DEFAULT NULL,
  `play_mode` int(11) DEFAULT NULL,
  `picture_mode` int(11) DEFAULT NULL,
  `level_mode` int(11) DEFAULT NULL,
  `created_at` datetime(6) NOT NULL,
  `updated_at` datetime(6) NOT NULL,
  PRIMARY KEY (`id`),
  UNIQUE KEY `index_modes_on_user_id` (`user_id`),
  CONSTRAINT `fk_rails_d254215b0c` FOREIGN KEY (`user_id`) REFERENCES `users` (`id`)
) ENGINE=InnoDB DEFAULT CHARSET=utf8mb4;
/*!40101 SET character_set_client = @saved_cs_client */;

--
-- Dumping data for table `modes`
--

LOCK TABLES `modes` WRITE;
/*!40000 ALTER TABLE `modes` DISABLE KEYS */;
/*!40000 ALTER TABLE `modes` ENABLE KEYS */;
UNLOCK TABLES;

--
-- Table structure for table `pictures`
--

DROP TABLE IF EXISTS `pictures`;
/*!40101 SET @saved_cs_client     = @@character_set_client */;
/*!40101 SET character_set_client = utf8 */;
CREATE TABLE `pictures` (
  `id` bigint(20) NOT NULL AUTO_INCREMENT,
  `name` varchar(255) DEFAULT NULL,
  `img` varchar(255) DEFAULT NULL,
  `youtube_url` text,
  `type` varchar(255) DEFAULT NULL,
  `created_at` datetime(6) NOT NULL,
  `updated_at` datetime(6) NOT NULL,
  PRIMARY KEY (`id`)
) ENGINE=InnoDB AUTO_INCREMENT=97 DEFAULT CHARSET=utf8mb4;
/*!40101 SET character_set_client = @saved_cs_client */;

--
-- Dumping data for table `pictures`
--

LOCK TABLES `pictures` WRITE;
/*!40000 ALTER TABLE `pictures` DISABLE KEYS */;
INSERT INTO `pictures` VALUES (1,'ハムスター','animal/1.png','https://www.youtube.com/embed/dkXd16nYp6o?si=huQexHdtd5P6eD2a','Animal','2024-03-24 13:20:31.322653','2024-04-01 11:55:20.648119'),(2,'ハイラックス','animal/2.png','https://www.youtube.com/embed/sv2QFfUOVl4?','Animal','2024-03-24 13:25:02.025641','2024-04-01 10:40:13.170685'),(3,'うま','animal/3.png','https://www.youtube.com/embed/wi5PGGCVqNY?','Animal','2024-03-24 13:25:33.592361','2024-04-01 10:48:36.881614'),(4,'ワラビー','animal/4.png','https://www.youtube.com/embed/mAu9g5KDnbw?','Animal','2024-03-24 13:25:58.090650','2024-04-01 10:53:29.877096'),(5,'トナカイ','animal/5.png','https://www.youtube.com/embed/p036F7R-PYw?','Animal','2024-03-24 13:27:29.039480','2024-04-01 10:55:02.494816'),(6,'うさぎ','animal/6.png','https://www.youtube.com/embed/d4Qtc7_Oavg?','Animal','2024-03-24 13:28:08.348539','2024-04-01 10:58:54.037128'),(7,'夏のオコジョ','animal/7.png','https://www.youtube.com/embed/Ss4Z1spWum4?','Animal','2024-03-24 13:29:01.172653','2024-04-01 11:00:27.058924'),(8,'ウマヅラコウモリ','animal/8.png','https://www.youtube.com/embed/SBmAOiJaS9I?si=BXecGCbIk6NUXJkW&amp;start=538','Animal','2024-03-24 13:29:50.311464','2024-04-01 11:09:55.558324'),(9,'トムソンガゼル','animal/9.png','https://www.youtube.com/embed/zpDIoGdRtlc?si=OOAOYJIxuoPFhTW3','Animal','2024-03-24 13:30:21.017878','2024-04-01 11:16:52.167417'),(10,'オリックス','animal/10.png','https://www.youtube.com/embed/_ro2NDuXq8c?si=UPzGgxfyeOVjau5H','Animal','2024-03-24 13:30:58.845378','2024-04-01 11:18:35.835180'),(11,'ハタハタ','fish/1.png','https://www.youtube.com/embed/g8G9aloIX34?si=rpUt7NmwRgec5GdF','Fish','2024-03-24 13:50:21.091293','2024-04-10 01:27:04.544909'),(12,'オニキンメ','fish/2.png','https://www.youtube.com/embed/dUW2iFIc-pk?si=jdacTjTGAYP3uloC','Fish','2024-03-24 13:52:02.746439','2024-04-10 01:27:42.083898'),(13,'パーチ','fish/3.png','https://www.youtube.com/embed/PfezHl138Xs?si=Gw-NC5VE8iVo9Cwy','Fish','2024-03-24 13:52:15.825371','2024-04-10 01:28:06.118773'),(14,'ダツ','fish/4.png','https://www.youtube.com/embed/bFMIsdCaRVw?si=MUZdSojWklodMORj','Fish','2024-03-24 13:52:37.534180','2024-04-10 01:28:34.614764'),(15,'フクロウナギ','fish/5.png','https://www.youtube.com/embed/s-xP_zeXClg?si=EXU0D0jNT_U8G4L-&amp;start=130','Fish','2024-03-24 13:53:07.865942','2024-04-10 01:28:56.736796'),(16,'マグロ','fish/6.png','https://www.youtube.com/embed/0YZd8eX9B94?si=h15wBecAZZgsftQC&amp;start=24','Fish','2024-03-24 13:53:37.083807','2024-04-10 01:29:19.462464'),(17,'デメニギス','fish/7.png','https://www.youtube.com/embed/GwJjcrQLPrU?si=KfLQwywWBluSKt7A&amp;start=1','Fish','2024-03-24 13:53:54.106127','2024-04-10 01:29:39.645033'),(18,'イサキ','fish/8.png','https://www.youtube.com/embed/x5OuErA9Rn4?si=3_cgbtauUN5GWqHh','Fish','2024-03-24 13:54:24.891943','2024-04-10 01:30:04.176809'),(19,'ニュウドウカジカ','fish/9.png','https://www.youtube.com/embed/RG1CA-4KqXA?si=77sN1RW87uS3K3mf&amp;start=34','Fish','2024-03-24 13:55:07.238221','2024-04-10 01:30:26.837289'),(20,'ホッケ','fish/10.png','https://www.youtube.com/embed/_lN0j-Eak18?si=n4XCiWaV5aJALGg6','Fish','2024-03-24 13:55:26.847837','2024-04-10 01:30:51.085326'),(21,'ケラトサウルス','dinosaur/1.png','https://www.youtube.com/embed/Tmm3pbJlKNo?si=WJvvkjIVHRO9f_YF&amp;start=14','Dinosaur','2024-03-24 14:08:09.747535','2024-04-08 12:03:26.860313'),(22,'ナヌークサウルス','dinosaur/2.png','https://www.youtube.com/embed/UdvTNTmkNAc?si=cpJwQIwPjZMQVhL1','Dinosaur','2024-03-24 14:08:39.725450','2024-04-08 12:04:42.567194'),(23,'アロサウルス','dinosaur/3.png','https://www.youtube.com/embed/xqeAmoQZR9Q?si=pF_nI3OMkYWZ4OPU','Dinosaur','2024-03-24 14:09:07.799887','2024-04-08 12:05:11.749504'),(24,'プロトケラトプス','dinosaur/4.png','https://www.youtube.com/embed/kICA4UKkHrE?si=KUmzLsAnGdvrK4xz','Dinosaur','2024-03-24 14:12:55.929648','2024-04-08 12:05:36.394180'),(25,'ディメトロドン','dinosaur/5.png','https://www.youtube.com/embed/TVewrZ9jFRs?si=w-mQgo2sovwA8uB7&amp;start=380','Dinosaur','2024-03-24 14:13:30.296064','2024-04-08 12:06:06.136569'),(26,'モササウルス','dinosaur/6.png','https://www.youtube.com/embed/Hl6Lj2fAuGM?si=QhIU8C-SS9SYAGB1&amp;start=29','Dinosaur','2024-03-24 14:14:24.000450','2024-04-15 05:11:22.425860'),(27,'カルノタウルス','dinosaur/7.png','https://www.youtube.com/embed/T24ZOgvMF30?si=QeMnQt3qFrbq8Mt6','Dinosaur','2024-03-24 14:14:51.460778','2024-04-15 04:39:02.985164'),(28,'テリジノサウルス','dinosaur/8.png','https://www.youtube.com/embed/LXf-1tE26sU?si=vgNDqgV79mZkS_kc','Dinosaur','2024-03-24 14:15:22.288364','2024-04-08 12:07:21.184716'),(29,'ミクロラプトル','dinosaur/9.png','https://www.youtube.com/embed/-fyxUxGdrns?si=qtyqL7JS7_RRnumh&amp;start=32','Dinosaur','2024-03-24 14:15:44.363352','2024-04-15 04:37:36.773075'),(30,'アンハングエラ','dinosaur/10.png','https://www.youtube.com/embed/PVHX7tlnVFs?si=tT4BAQkFihBzV-cQ&amp;start=14','Dinosaur','2024-03-24 14:16:55.370309','2024-04-08 12:08:23.370977'),(31,'オオアリクイ','animal/11.png','https://www.youtube.com/embed/zw-_OrwTPhQ?si=BEWvzq6JxrGljpq3','Animal','2024-04-08 10:51:48.022146','2024-04-08 10:51:48.022146'),(32,'プロングホーン','animal/12.png','https://www.youtube.com/embed/CW4aiyVwE8I?si=dANREY146uZv0KJ-','Animal','2024-04-08 11:03:04.037634','2024-04-08 11:03:04.037634'),(33,'ゲラダヒヒ','animal/13.png','https://www.youtube.com/embed/NcoVQG9tG4k?si=fCZ0tlk4qZzcAUOi','Animal','2024-04-08 11:04:43.943342','2024-04-08 11:04:43.943342'),(34,'ショウガラゴ','animal/14.png','https://www.youtube.com/embed/X9S4sMD4WbU?si=ImqESFUANQqlAZMb&amp;start=5','Animal','2024-04-08 11:05:18.363004','2024-04-08 11:05:18.363004'),(35,'ゴリラ','animal/15.png','https://www.youtube.com/embed/fs31sSSK3QE?si=cMLdLASzpBOH-n68','Animal','2024-04-08 11:05:54.779360','2024-04-08 11:05:54.779360'),(36,'ドゥクラングール','animal/16.png','https://www.youtube.com/embed/BKrhCLvqHsE?si=ZPrZQJ9TARKreD5v&amp;start=9','Animal','2024-04-08 11:06:26.015108','2024-04-08 11:06:26.015108'),(37,'ダマスカスヤギ','animal/17.png','https://www.youtube.com/embed/0tqxPJNiNEc?si=5KwQgH3LMbBFG-Eg','Animal','2024-04-08 11:06:59.571213','2024-04-08 11:19:30.273268'),(38,'スイギュウ','animal/18.png','https://www.youtube.com/embed/oTqPaPPqWzw?si=usxZvyUDFkJQ3CfO','Animal','2024-04-08 11:07:36.117359','2024-04-08 11:07:36.117359'),(39,'コブウシ','animal/19.png','https://www.youtube.com/embed/qCIngnI6VIk?si=43SBcS7sNBwa8bVi','Animal','2024-04-08 11:08:10.597737','2024-04-08 11:08:10.597737'),(40,'シロサイ','animal/20.png','https://www.youtube.com/embed/VRaA8RSJbiE?si=rBBw39aME7PSHjry','Animal','2024-04-08 11:08:57.315603','2024-04-08 11:08:57.315603'),(41,'クロヒョウ','animal/21.png','https://www.youtube.com/embed/IjjLq9zYs5Y?si=6Qm6Ko78eSehptfq','Animal','2024-04-08 11:09:28.427499','2024-04-08 11:09:28.427499'),(42,'ヒョウ','animal/22.png','https://www.youtube.com/embed/5wiRf72cr4A?si=BMXUqbRZRR2_rshC','Animal','2024-04-08 11:09:57.165063','2024-04-08 11:09:57.165063'),(43,'ピューマ','animal/23.png','https://www.youtube.com/embed/dQAsVEHG2rs?si=yom3SiWqJCQrlEyH&amp;start=8','Animal','2024-04-08 11:10:33.756705','2024-04-08 11:10:33.756705'),(44,'ウンピョウ','animal/24.png','https://www.youtube.com/embed/uGBlYx2BT0w?si=ieuIXANc83KxSEc5&amp;start=5','Animal','2024-04-08 11:11:04.114739','2024-04-08 11:11:04.114739'),(45,'イリオモテヤマネコ','animal/25.png','https://www.youtube.com/embed/-wMGDZIzjd0?si=xGxa94wwPcqHR78l','Animal','2024-04-08 11:11:40.444334','2024-04-08 11:11:40.444334'),(46,'ビスカッチャ','animal/26.png','https://www.youtube.com/embed/GPxA6nasvQc?si=izV6OzebkcW1s_XP','Animal','2024-04-08 11:12:13.159474','2024-04-08 11:12:13.159474'),(47,'ラーテル','animal/27.png','https://www.youtube.com/embed/tnI5oKM3his?si=VE4girgg4Dgen-E4','Animal','2024-04-08 11:12:46.852299','2024-04-08 11:12:46.852299'),(48,'アイアイ','animal/28.png','https://www.youtube.com/embed/cK8II3DxJeg?si=Jv6b7XhP7YNjVyC1&amp;start=49','Animal','2024-04-08 11:13:18.226809','2024-04-08 11:13:18.226809'),(49,'フサオマキザル','animal/29.png','https://www.youtube.com/embed/OvMZUvfH4IE?si=wNI5AIjpUXQaeZA3&amp;start=8','Animal','2024-04-08 11:13:50.713738','2024-04-08 11:13:50.713738'),(50,'キリン','animal/30.png','https://www.youtube.com/embed/wcsVz2jTaWk?si=0Rp16XeEc08kvGb3','Animal','2024-04-08 11:14:28.315818','2024-04-08 11:14:28.315818'),(51,'スピノサウルス','dinosaur/11.png','https://www.youtube.com/embed/q-YsgSsFTeI?si=AXNtFH4eLhPEoNzw&amp;start=15','Dinosaur','2024-04-08 11:47:18.189801','2024-04-08 11:47:18.189801'),(52,'ショニサウルス','dinosaur/12.png','https://www.youtube.com/embed/dBlk0G-jZiU?si=9xP6H35HQOwHnEdW','Dinosaur','2024-04-08 11:47:48.529609','2024-04-08 11:47:48.529609'),(53,'琥珀','dinosaur/13.png','https://www.youtube.com/embed/lO0Cogt1hRg?si=mG7RVGEp03WSH0Dq','Dinosaur','2024-04-08 11:48:23.022779','2024-04-08 11:48:23.022779'),(54,'ディアトリマ','dinosaur/14.png','https://www.youtube.com/embed/UDlLg_lbaDw?si=u3UxWwPEMdYT13Op&amp;start=515','Dinosaur','2024-04-08 11:50:46.936917','2024-04-08 11:50:46.936917'),(55,'パラサウロロフス','dinosaur/15.png','https://www.youtube.com/embed/5gJy0yi226M?si=yIzgxggC1eCnNAa8&amp;start=83','Dinosaur','2024-04-08 11:51:22.471726','2024-04-08 11:51:22.471726'),(56,'パキケファロサウルス','dinosaur/16.png','https://www.youtube.com/embed/nXU7P9n4Ujo?si=2kjkoz_cstWFl93c','Dinosaur','2024-04-08 11:51:59.318740','2024-04-08 11:51:59.318740'),(57,'フクイベナートル','dinosaur/17.png','https://www.youtube.com/embed/0vRW1Ku7hto?si=O8-1ilIJdCbt1gZi&amp;start=13','Dinosaur','2024-04-08 11:53:00.766171','2024-04-08 11:53:00.766171'),(58,'ケツァルコアトルス','dinosaur/18.png','https://www.youtube.com/embed/JGnahiO6bzs?si=XF1gX08A5y8qZ93Q','Dinosaur','2024-04-08 11:53:34.827094','2024-04-08 11:53:34.827094'),(59,'トロオドン','dinosaur/19.png','https://www.youtube.com/embed/f-4XuKZyaac?si=K_80aMuoSbA5-0EE','Dinosaur','2024-04-08 11:54:11.782917','2024-04-08 11:54:11.782917'),(60,'フタバスズキリュウ','dinosaur/20.png','https://www.youtube.com/embed/-m05hvh63TE?si=z3lojbjxAWnk95W_','Dinosaur','2024-04-08 11:54:46.179070','2024-04-08 11:54:46.179070'),(61,'ティラノサウルス','dinosaur/21.png','https://www.youtube.com/embed/V3OCP4jz51s?si=4XVOicGgVSIFqMrS','Dinosaur','2024-04-08 11:55:16.695477','2024-04-15 05:20:57.790916'),(62,'エドモントサウルス','dinosaur/22.png','https://www.youtube.com/embed/IeCExrGmZZY?si=gnygj9B06HFACKOJ&amp;start=6','Dinosaur','2024-04-08 11:55:48.579293','2024-04-08 11:55:48.579293'),(63,'アンキロサウルス','dinosaur/23.png','https://www.youtube.com/embed/MpimL1Y-94Y?si=-BpTnzdE3ApndApQ','Dinosaur','2024-04-08 11:56:24.703338','2024-04-08 11:56:24.703338'),(64,'ヴェロキラプトル','dinosaur/24.png','https://www.youtube.com/embed/xCclj2ALQ_w?si=b6OiDW6cjZDR7Lqb','Dinosaur','2024-04-08 11:56:54.237446','2024-04-08 11:56:54.237446'),(65,'トリケラトプス','dinosaur/25.png','https://www.youtube.com/embed/-T77e02ZvVk?si=yX53qMVqNy61DH4k','Dinosaur','2024-04-08 11:57:25.130530','2024-04-08 11:57:25.130530'),(66,'ステゴサウルス','dinosaur/26.png','https://www.youtube.com/embed/xHGV7S17BLo?si=CEtb6VLjqxRKRIhE&amp;start=6','Dinosaur','2024-04-08 11:57:58.875724','2024-04-08 11:57:58.875724'),(67,'プテラノドン','dinosaur/27.png','https://www.youtube.com/embed/S4LPlzHKrGA?si=L9W3qW3Bt837GYvD','Dinosaur','2024-04-08 11:58:31.951136','2024-04-08 11:58:31.951136'),(68,'イグアノドン','dinosaur/28.png','https://www.youtube.com/embed/uLPJFSZRRcI?si=Qqk77PUCxNGmvS__&amp;start=36','Dinosaur','2024-04-08 11:59:02.449634','2024-04-08 11:59:02.449634'),(69,'デイノニクス','dinosaur/29.png','https://www.youtube.com/embed/i59do3SCS1I?si=Ii35l5wwphGKvBbd','Dinosaur','2024-04-08 11:59:32.724067','2024-04-08 11:59:32.724067'),(70,'アパトサウルス','dinosaur/30.png','https://www.youtube.com/embed/ExJGIFVGv8w?si=PgdDn0ma-tgNsb5Q&amp;start=5','Dinosaur','2024-04-08 12:00:04.027975','2024-04-08 12:00:04.027975'),(71,'ブラキオサウルス','dinosaur/31.png','https://www.youtube.com/embed/i8Tiw8k58Bo?si=MOxO4H_m6pc6m2a-&amp;start=6','Dinosaur','2024-04-08 12:00:37.990268','2024-04-08 12:00:37.990268'),(72,'ダンクルオステウス','dinosaur/32.png','https://www.youtube.com/embed/TOXHUzG801k?si=cdKQ3h8_9CPEVShz&amp;start=18','Dinosaur','2024-04-08 12:01:12.741757','2024-04-08 12:01:12.741757'),(74,'チョウチンアンコウ','fish/11.png','https://www.youtube.com/embed/XemRMkIN7PQ?si=GqHPzf-IWFz7bj8r','Fish','2024-04-10 01:06:28.607897','2024-04-10 01:06:28.607897'),(75,'オニカマス','fish/12.png','https://www.youtube.com/embed/5bpLou-5CyU?si=tTA2jgmKxvzpJx1c','Fish','2024-04-10 01:07:04.617329','2024-04-10 01:07:04.617329'),(76,'ハリセンボン','fish/13.png','https://www.youtube.com/embed/hOSZnZWe6gY?si=eC7ARd7R30xTIwIo&amp;start=29','Fish','2024-04-10 01:07:32.532120','2024-04-10 01:07:32.532120'),(77,'モンハナシャコ','fish/14.png','https://www.youtube.com/embed/ToOZoS5P92A?si=ou8dg240yuURnxSI','Fish','2024-04-10 01:08:01.298088','2024-04-10 01:08:01.298088'),(78,'カジキ','fish/15.png','https://www.youtube.com/embed/1FhnPrOaKcc?si=HSlg3WA3nsThev3q','Fish','2024-04-10 01:08:30.518530','2024-04-10 01:08:30.518530'),(79,'ピラルク','fish/16.png','https://www.youtube.com/embed/f4SKa6MnPRI?si=l_kwZbRwmCWZDWHU','Fish','2024-04-10 01:09:09.135914','2024-04-10 01:09:09.135914'),(80,'ヒョウモンダコ','fish/17.png','https://www.youtube.com/embed/gYTCS20My8Q?si=CqBMMCCfTclMrJFx','Fish','2024-04-10 01:09:39.878911','2024-04-10 01:09:39.878911'),(81,'ホホジロザメ','fish/18.png','https://www.youtube.com/embed/qhgAL_cKrec?si=RRWqn-tqZmRuqMA-','Fish','2024-04-10 01:10:07.553926','2024-04-10 01:10:07.553926'),(82,'シャチ','fish/19.png','https://www.youtube.com/embed/Mp8NpBS5bUc?si=vRstASma_LG83hBD','Fish','2024-04-10 01:10:45.308592','2024-04-10 01:10:45.308592'),(83,'シュモクザメ','fish/20.png','https://www.youtube.com/embed/blo6WFDNUIw?si=KVwuDTTMMYbdQ55b','Fish','2024-04-10 01:11:16.117202','2024-04-10 01:11:16.117202'),(84,'ピラニア','fish/21.png','https://www.youtube.com/embed/bNJu0ErDCgA?si=hN6hRLChnOpg7pk2','Fish','2024-04-10 01:11:46.088791','2024-04-10 01:11:46.088791'),(85,'ウツボ','fish/22.png','https://www.youtube.com/embed/Af8X62dxH6w?si=RtkCoyr0ehc9d9CR&amp;start=32','Fish','2024-04-10 01:12:31.203386','2024-04-15 04:53:36.427808'),(86,'ハナヒゲウツボ','fish/23.png','https://www.youtube.com/embed/mQ0ThsGXmSw?si=mu8ntWDZK_jot7l0','Fish','2024-04-10 01:12:59.630923','2024-04-10 01:12:59.630923'),(87,'クリオネ','fish/24.png','https://www.youtube.com/embed/8tyu4hqmxjk?si=kk4sjDY7wYzRdW4M','Fish','2024-04-10 01:13:26.675083','2024-04-10 01:13:26.675083'),(88,'マンボウ','fish/25.png','https://www.youtube.com/embed/dXogj-iCjDM?si=Mg3o9DOIorG6K2CM&amp;start=2','Fish','2024-04-10 01:13:57.505816','2024-04-15 04:57:28.031911'),(89,'ケープペンギン','fish/26.png','https://www.youtube.com/embed/_-wGDlbkcSI?si=ct71M5U40FvWCdWx&amp;start=24','Fish','2024-04-10 01:14:26.293200','2024-04-10 01:14:26.293200'),(90,'メンダコ','fish/27.png','https://www.youtube.com/embed/zIrfRvOe8K8?si=weJGw6GZYwgrnpIO','Fish','2024-04-10 01:14:55.257779','2024-04-10 01:14:55.257779'),(91,'サンゴ','fish/28.png','https://www.youtube.com/embed/LSCSINHbgg0?si=3jxy9CinuuvSpBkT','Fish','2024-04-10 01:15:26.013170','2024-04-10 01:15:26.013170'),(92,'ジンベイザメ','fish/29.png','https://www.youtube.com/embed/IMoikWflFoA?si=YGRJ7pcL4wbITLi6&amp;start=231','Fish','2024-04-10 01:15:55.417837','2024-04-10 01:15:55.417837'),(93,'ラッコ','fish/30.png','https://www.youtube.com/embed/RvzG9KI1PXE?si=6-dYh_2wsidljOQ3','Fish','2024-04-10 01:16:27.046646','2024-04-10 01:16:27.046646'),(94,'フウセンウオ','fish/31.png','https://www.youtube.com/embed/_khTfImJ0oM?si=_eA5fPHSS7TCOhGa&amp;start=18','Fish','2024-04-10 01:17:00.938136','2024-04-10 01:17:00.938136'),(95,'イッカク','fish/32.png','https://www.youtube.com/embed/YO58kt-jETA?si=wQGn_D35fjOEm6bK','Fish','2024-04-10 01:17:30.112960','2024-04-10 01:17:30.112960'),(96,'アカウミガメ','fish/33.png','https://www.youtube.com/embed/iQ4Er6eT_mU?si=180NHBqda1cOQh9p','Fish','2024-04-11 10:27:07.006502','2024-04-11 10:27:07.006502');
/*!40000 ALTER TABLE `pictures` ENABLE KEYS */;
UNLOCK TABLES;

--
-- Table structure for table `schema_migrations`
--

DROP TABLE IF EXISTS `schema_migrations`;
/*!40101 SET @saved_cs_client     = @@character_set_client */;
/*!40101 SET character_set_client = utf8 */;
CREATE TABLE `schema_migrations` (
  `version` varchar(255) NOT NULL,
  PRIMARY KEY (`version`)
) ENGINE=InnoDB DEFAULT CHARSET=utf8mb4;
/*!40101 SET character_set_client = @saved_cs_client */;

--
-- Dumping data for table `schema_migrations`
--

LOCK TABLES `schema_migrations` WRITE;
/*!40000 ALTER TABLE `schema_migrations` DISABLE KEYS */;
INSERT INTO `schema_migrations` VALUES ('20240324131147'),('20240328145252'),('20240330070103'),('20240331034826'),('20240404115700'),('20240407024748');
/*!40000 ALTER TABLE `schema_migrations` ENABLE KEYS */;
UNLOCK TABLES;

--
-- Table structure for table `user_pictures`
--

DROP TABLE IF EXISTS `user_pictures`;
/*!40101 SET @saved_cs_client     = @@character_set_client */;
/*!40101 SET character_set_client = utf8 */;
CREATE TABLE `user_pictures` (
  `id` bigint(20) NOT NULL AUTO_INCREMENT,
  `user_id` bigint(20) NOT NULL,
  `picture_id` bigint(20) NOT NULL,
  `created_at` datetime(6) NOT NULL,
  `updated_at` datetime(6) NOT NULL,
  PRIMARY KEY (`id`),
  KEY `index_user_pictures_on_user_id` (`user_id`),
  KEY `index_user_pictures_on_picture_id` (`picture_id`),
  CONSTRAINT `fk_rails_30d398c5a4` FOREIGN KEY (`user_id`) REFERENCES `users` (`id`),
  CONSTRAINT `fk_rails_e81e38b750` FOREIGN KEY (`picture_id`) REFERENCES `pictures` (`id`)
) ENGINE=InnoDB AUTO_INCREMENT=415 DEFAULT CHARSET=utf8mb4;
/*!40101 SET character_set_client = @saved_cs_client */;

--
-- Dumping data for table `user_pictures`
--

LOCK TABLES `user_pictures` WRITE;
/*!40000 ALTER TABLE `user_pictures` DISABLE KEYS */;
INSERT INTO `user_pictures` VALUES (168,1,15,'2024-04-10 02:37:24.267454','2024-04-10 02:37:24.267454'),(169,1,78,'2024-04-10 02:37:24.281747','2024-04-10 02:37:24.281747'),(170,1,81,'2024-04-10 02:37:24.299149','2024-04-10 02:37:24.299149'),(171,1,82,'2024-04-10 02:37:24.310625','2024-04-10 02:37:24.310625'),(172,1,85,'2024-04-10 02:37:24.357740','2024-04-10 02:37:24.357740'),(173,1,3,'2024-04-10 02:39:01.560105','2024-04-10 02:39:01.560105'),(174,1,9,'2024-04-10 02:39:01.587724','2024-04-10 02:39:01.587724'),(175,1,43,'2024-04-10 02:39:01.598888','2024-04-10 02:39:01.598888'),(176,1,47,'2024-04-10 02:39:01.607512','2024-04-10 02:39:01.607512'),(177,1,48,'2024-04-10 02:39:01.615544','2024-04-10 02:39:01.615544'),(178,1,22,'2024-04-10 02:39:40.207516','2024-04-10 02:39:40.207516'),(179,1,63,'2024-04-10 02:39:40.220578','2024-04-10 02:39:40.220578'),(180,1,67,'2024-04-10 02:39:40.232435','2024-04-10 02:39:40.232435'),(181,1,68,'2024-04-10 02:39:40.244694','2024-04-10 02:39:40.244694'),(182,1,70,'2024-04-10 02:39:40.258543','2024-04-10 02:39:40.258543'),(183,1,55,'2024-04-10 02:53:26.428696','2024-04-10 02:53:26.428696'),(184,1,56,'2024-04-10 02:53:26.452020','2024-04-10 02:53:26.452020'),(185,1,58,'2024-04-10 02:53:26.475606','2024-04-10 02:53:26.475606'),(186,1,59,'2024-04-10 02:53:26.487295','2024-04-10 02:53:26.487295'),(187,1,66,'2024-04-10 02:53:26.495710','2024-04-10 02:53:26.495710'),(188,1,37,'2024-04-10 02:55:50.703483','2024-04-10 02:55:50.703483'),(189,1,41,'2024-04-10 02:55:50.730326','2024-04-10 02:55:50.730326'),(190,1,45,'2024-04-10 02:55:50.744364','2024-04-10 02:55:50.744364'),(191,1,46,'2024-04-10 02:55:50.754007','2024-04-10 02:55:50.754007'),(192,1,49,'2024-04-10 02:55:50.769302','2024-04-10 02:55:50.769302'),(193,1,4,'2024-04-10 03:38:15.036079','2024-04-10 03:38:15.036079'),(194,1,6,'2024-04-10 03:38:15.051640','2024-04-10 03:38:15.051640'),(195,1,40,'2024-04-10 03:38:15.062055','2024-04-10 03:38:15.062055'),(196,1,1,'2024-04-10 03:42:27.907848','2024-04-10 03:42:27.907848'),(197,1,8,'2024-04-10 03:42:27.923649','2024-04-10 03:42:27.923649'),(198,1,34,'2024-04-10 03:42:27.937842','2024-04-10 03:42:27.937842'),(199,1,50,'2024-04-10 03:42:27.949368','2024-04-10 03:42:27.949368'),(200,1,54,'2024-04-10 05:58:00.956350','2024-04-10 05:58:00.956350'),(201,1,64,'2024-04-10 05:58:20.857514','2024-04-10 05:58:20.857514'),(202,1,69,'2024-04-10 05:58:20.890966','2024-04-10 05:58:20.890966'),(203,1,71,'2024-04-10 05:58:20.909613','2024-04-10 05:58:20.909613'),(204,1,72,'2024-04-10 05:58:20.921223','2024-04-10 05:58:20.921223'),(205,1,24,'2024-04-10 06:09:51.459986','2024-04-10 06:09:51.459986'),(206,1,21,'2024-04-10 06:10:19.974780','2024-04-10 06:10:19.974780'),(207,1,25,'2024-04-10 06:10:19.996505','2024-04-10 06:10:19.996505'),(208,1,26,'2024-04-10 06:10:20.016744','2024-04-10 06:10:20.016744'),(209,1,23,'2024-04-10 06:10:30.658583','2024-04-10 06:10:30.658583'),(210,1,27,'2024-04-10 06:10:30.669188','2024-04-10 06:10:30.669188'),(211,1,29,'2024-04-10 06:10:30.677388','2024-04-10 06:10:30.677388'),(212,1,65,'2024-04-10 06:10:37.275431','2024-04-10 06:10:37.275431'),(213,1,51,'2024-04-10 06:10:44.998684','2024-04-10 06:10:44.998684'),(214,1,19,'2024-04-10 06:31:18.908590','2024-04-10 06:31:18.908590'),(215,1,80,'2024-04-10 06:31:18.924136','2024-04-10 06:31:18.924136'),(216,1,86,'2024-04-10 06:31:18.933898','2024-04-10 06:31:18.933898'),(217,1,94,'2024-04-10 06:31:18.942613','2024-04-10 06:31:18.942613'),(218,1,16,'2024-04-10 06:32:38.951759','2024-04-10 06:32:38.951759'),(219,1,84,'2024-04-10 06:32:38.964860','2024-04-10 06:32:38.964860'),(220,1,90,'2024-04-10 06:32:38.973551','2024-04-10 06:32:38.973551'),(221,1,93,'2024-04-10 06:32:38.980871','2024-04-10 06:32:38.980871'),(222,1,95,'2024-04-10 06:32:38.990023','2024-04-10 06:32:38.990023'),(223,1,11,'2024-04-10 10:06:19.584397','2024-04-10 10:06:19.584397'),(224,1,74,'2024-04-10 10:06:19.625124','2024-04-10 10:06:19.625124'),(225,1,12,'2024-04-10 10:13:40.032392','2024-04-10 10:13:40.032392'),(226,1,20,'2024-04-10 10:13:40.041587','2024-04-10 10:13:40.041587'),(227,1,14,'2024-04-10 10:13:40.052117','2024-04-10 10:13:40.052117'),(228,1,91,'2024-04-10 10:13:40.084158','2024-04-10 10:13:40.084158'),(229,1,32,'2024-04-10 12:30:28.514398','2024-04-10 12:30:28.514398'),(230,1,10,'2024-04-10 12:31:50.709126','2024-04-10 12:31:50.709126'),(231,1,5,'2024-04-10 12:32:22.237840','2024-04-10 12:32:22.237840'),(232,1,42,'2024-04-10 12:32:22.269535','2024-04-10 12:32:22.269535'),(233,1,76,'2024-04-10 12:33:05.768947','2024-04-10 12:33:05.768947'),(234,1,88,'2024-04-10 12:33:05.782160','2024-04-10 12:33:05.782160'),(235,1,88,'2024-04-10 12:33:05.789176','2024-04-10 12:33:05.789176'),(236,1,53,'2024-04-10 13:33:59.135437','2024-04-10 13:33:59.135437'),(237,1,57,'2024-04-10 13:33:59.150698','2024-04-10 13:33:59.150698'),(238,1,62,'2024-04-10 13:37:04.020653','2024-04-10 13:37:04.020653'),(239,1,52,'2024-04-10 13:53:01.374340','2024-04-10 13:53:01.374340'),(240,2,9,'2024-04-11 04:12:11.268465','2024-04-11 04:12:11.268465'),(241,2,9,'2024-04-11 04:12:11.275176','2024-04-11 04:12:11.275176'),(242,2,39,'2024-04-11 04:12:11.297281','2024-04-11 04:12:11.297281'),(243,2,39,'2024-04-11 04:12:11.298042','2024-04-11 04:12:11.298042'),(244,2,40,'2024-04-11 04:12:11.309054','2024-04-11 04:12:11.309054'),(245,2,40,'2024-04-11 04:12:11.311989','2024-04-11 04:12:11.311989'),(246,2,42,'2024-04-11 04:12:11.328192','2024-04-11 04:12:11.328192'),(247,2,46,'2024-04-11 04:12:11.337531','2024-04-11 04:12:11.337531'),(248,2,31,'2024-04-11 04:23:56.335336','2024-04-11 04:23:56.335336'),(249,2,35,'2024-04-11 04:23:56.355585','2024-04-11 04:23:56.355585'),(250,2,47,'2024-04-11 04:23:56.371675','2024-04-11 04:23:56.371675'),(251,2,6,'2024-04-11 04:24:47.617877','2024-04-11 04:24:47.617877'),(252,2,44,'2024-04-11 04:24:47.637135','2024-04-11 04:24:47.637135'),(253,2,4,'2024-04-11 04:26:38.758562','2024-04-11 04:26:38.758562'),(254,2,48,'2024-04-11 04:26:38.784809','2024-04-11 04:26:38.784809'),(255,2,50,'2024-04-11 04:26:38.794833','2024-04-11 04:26:38.794833'),(256,2,1,'2024-04-11 04:29:11.169856','2024-04-11 04:29:11.169856'),(257,2,49,'2024-04-11 04:29:11.185150','2024-04-11 04:29:11.185150'),(258,2,37,'2024-04-11 04:29:41.028227','2024-04-11 04:29:41.028227'),(259,2,33,'2024-04-11 04:30:44.917532','2024-04-11 04:30:44.917532'),(260,2,5,'2024-04-11 04:33:05.968550','2024-04-11 04:33:05.968550'),(261,2,7,'2024-04-11 04:33:26.718658','2024-04-11 04:33:26.718658'),(262,2,45,'2024-04-11 04:33:26.737194','2024-04-11 04:33:26.737194'),(263,2,41,'2024-04-11 04:33:37.733650','2024-04-11 04:33:37.733650'),(264,2,43,'2024-04-11 04:34:03.039166','2024-04-11 04:34:03.039166'),(265,2,8,'2024-04-11 04:35:07.645400','2024-04-11 04:35:07.645400'),(266,2,10,'2024-04-11 04:35:07.656984','2024-04-11 04:35:07.656984'),(267,2,2,'2024-04-11 04:36:46.420579','2024-04-11 04:36:46.420579'),(268,2,38,'2024-04-11 04:51:54.039325','2024-04-11 04:51:54.039325'),(269,2,34,'2024-04-11 04:54:04.426194','2024-04-11 04:54:04.426194'),(270,2,36,'2024-04-11 04:57:59.200739','2024-04-11 04:57:59.200739'),(271,2,3,'2024-04-11 05:05:35.278265','2024-04-11 05:05:35.278265'),(272,2,32,'2024-04-11 07:20:36.091619','2024-04-11 07:20:36.091619'),(273,2,25,'2024-04-11 07:21:13.518447','2024-04-11 07:21:13.518447'),(274,2,52,'2024-04-11 07:21:13.527113','2024-04-11 07:21:13.527113'),(275,2,58,'2024-04-11 07:21:13.533598','2024-04-11 07:21:13.533598'),(276,2,65,'2024-04-11 07:21:13.539669','2024-04-11 07:21:13.539669'),(277,2,72,'2024-04-11 07:21:13.546711','2024-04-11 07:21:13.546711'),(278,1,75,'2024-04-11 10:27:27.857850','2024-04-11 10:27:27.857850'),(279,1,96,'2024-04-11 10:27:27.877422','2024-04-11 10:27:27.877422'),(280,1,2,'2024-04-11 12:17:10.708202','2024-04-11 12:17:10.708202'),(281,1,87,'2024-04-12 11:27:13.741764','2024-04-12 11:27:13.741764'),(282,1,89,'2024-04-12 11:27:13.760008','2024-04-12 11:27:13.760008'),(283,1,7,'2024-04-12 11:32:00.208477','2024-04-12 11:32:00.208477'),(284,1,36,'2024-04-12 11:32:00.218066','2024-04-12 11:32:00.218066'),(285,1,44,'2024-04-12 11:32:00.227281','2024-04-12 11:32:00.227281'),(286,1,30,'2024-04-13 09:16:25.004750','2024-04-13 09:16:25.004750'),(287,1,79,'2024-04-13 12:17:10.538649','2024-04-13 12:17:10.538649'),(288,1,17,'2024-04-13 12:22:12.378250','2024-04-13 12:22:12.378250'),(289,1,33,'2024-04-13 12:49:37.604163','2024-04-13 12:49:37.604163'),(290,1,38,'2024-04-14 10:03:12.533179','2024-04-14 10:03:12.533179'),(291,1,38,'2024-04-14 10:03:12.541822','2024-04-14 10:03:12.541822'),(292,1,35,'2024-04-14 11:09:32.828366','2024-04-14 11:09:32.828366'),(293,1,60,'2024-04-14 12:36:42.475470','2024-04-14 12:36:42.475470'),(294,1,60,'2024-04-14 12:36:42.477855','2024-04-14 12:36:42.477855'),(295,3,8,'2024-04-14 12:46:42.746379','2024-04-14 12:46:42.746379'),(296,3,41,'2024-04-14 12:46:42.759442','2024-04-14 12:46:42.759442'),(297,3,47,'2024-04-14 12:46:42.768015','2024-04-14 12:46:42.768015'),(298,3,2,'2024-04-14 12:52:21.620920','2024-04-14 12:52:21.620920'),(299,3,3,'2024-04-14 12:52:21.637402','2024-04-14 12:52:21.637402'),(300,3,38,'2024-04-14 12:52:21.647304','2024-04-14 12:52:21.647304'),(339,4,6,'2024-04-15 01:20:06.419080','2024-04-15 01:20:06.419080'),(340,4,10,'2024-04-15 01:20:06.443102','2024-04-15 01:20:06.443102'),(341,4,33,'2024-04-15 01:20:06.453929','2024-04-15 01:20:06.453929'),(342,4,41,'2024-04-15 01:20:06.464486','2024-04-15 01:20:06.464486'),(343,4,46,'2024-04-15 01:20:06.483644','2024-04-15 01:20:06.483644'),(344,4,9,'2024-04-15 01:20:45.614229','2024-04-15 01:20:45.614229'),(345,4,40,'2024-04-15 01:20:45.629037','2024-04-15 01:20:45.629037'),(346,4,43,'2024-04-15 01:20:45.640460','2024-04-15 01:20:45.640460'),(347,1,39,'2024-04-15 01:51:10.945234','2024-04-15 01:51:10.945234'),(348,10,34,'2024-04-15 02:21:48.024657','2024-04-15 02:21:48.024657'),(349,10,40,'2024-04-15 02:21:48.036389','2024-04-15 02:21:48.036389'),(350,10,46,'2024-04-15 02:21:48.043632','2024-04-15 02:21:48.043632'),(351,11,32,'2024-04-15 02:32:31.267287','2024-04-15 02:32:31.267287'),(352,11,41,'2024-04-15 02:32:31.280754','2024-04-15 02:32:31.280754'),(353,11,49,'2024-04-15 02:32:31.290612','2024-04-15 02:32:31.290612'),(354,11,16,'2024-04-15 02:33:00.836632','2024-04-15 02:33:00.836632'),(355,11,74,'2024-04-15 02:33:00.858138','2024-04-15 02:33:00.858138'),(356,11,81,'2024-04-15 02:33:00.868049','2024-04-15 02:33:00.868049'),(357,1,31,'2024-04-15 04:41:38.523377','2024-04-15 04:41:38.523377'),(358,1,13,'2024-04-15 04:44:09.724004','2024-04-15 04:44:09.724004'),(359,1,18,'2024-04-15 04:44:09.739902','2024-04-15 04:44:09.739902'),(360,1,77,'2024-04-15 04:44:25.991928','2024-04-15 04:44:25.991928'),(361,1,92,'2024-04-15 04:44:46.879128','2024-04-15 04:44:46.879128'),(362,1,83,'2024-04-15 04:45:04.417227','2024-04-15 04:45:04.417227'),(363,1,28,'2024-04-15 04:48:51.445768','2024-04-15 04:48:51.445768'),(364,1,61,'2024-04-15 04:49:18.620153','2024-04-15 04:49:18.620153'),(365,3,83,'2024-04-15 08:07:47.505343','2024-04-15 08:07:47.505343'),(366,3,85,'2024-04-15 08:07:47.563989','2024-04-15 08:07:47.563989'),(367,3,88,'2024-04-15 08:07:47.574165','2024-04-15 08:07:47.574165'),(368,3,91,'2024-04-15 08:07:47.583674','2024-04-15 08:07:47.583674'),(369,3,93,'2024-04-15 08:07:47.591482','2024-04-15 08:07:47.591482'),(370,3,20,'2024-04-15 08:13:25.295665','2024-04-15 08:13:25.295665'),(371,3,11,'2024-04-15 08:13:25.302987','2024-04-15 08:13:25.302987'),(372,3,76,'2024-04-15 08:13:25.312633','2024-04-15 08:13:25.312633'),(373,3,75,'2024-04-15 08:13:25.318988','2024-04-15 08:13:25.318988'),(374,3,80,'2024-04-15 08:13:25.325093','2024-04-15 08:13:25.325093'),(375,3,90,'2024-04-15 08:13:25.338306','2024-04-15 08:13:25.338306'),(376,3,90,'2024-04-15 08:13:25.342857','2024-04-15 08:13:25.342857'),(377,3,92,'2024-04-15 08:13:25.355181','2024-04-15 08:13:25.355181'),(378,3,25,'2024-04-15 08:19:14.862507','2024-04-15 08:19:14.862507'),(379,3,25,'2024-04-15 08:19:14.867278','2024-04-15 08:19:14.867278'),(380,3,26,'2024-04-15 08:19:14.882000','2024-04-15 08:19:14.882000'),(381,3,54,'2024-04-15 08:19:14.884076','2024-04-15 08:19:14.884076'),(382,3,58,'2024-04-15 08:19:14.895377','2024-04-15 08:19:14.895377'),(383,3,57,'2024-04-15 08:19:14.940071','2024-04-15 08:19:14.940071'),(384,3,65,'2024-04-15 08:19:14.953649','2024-04-15 08:19:14.953649'),(385,3,60,'2024-04-15 08:19:14.956866','2024-04-15 08:19:14.956866'),(386,3,72,'2024-04-15 08:19:14.964967','2024-04-15 08:19:14.964967'),(387,3,61,'2024-04-15 08:19:14.968836','2024-04-15 08:19:14.968836'),(388,3,22,'2024-04-15 08:23:40.472567','2024-04-15 08:23:40.472567'),(389,3,51,'2024-04-15 08:23:40.485905','2024-04-15 08:23:40.485905'),(390,3,52,'2024-04-15 08:23:40.493953','2024-04-15 08:23:40.493953'),(391,3,53,'2024-04-15 08:23:40.502546','2024-04-15 08:23:40.502546'),(392,3,23,'2024-04-15 08:29:22.180668','2024-04-15 08:29:22.180668'),(393,3,23,'2024-04-15 08:29:22.192050','2024-04-15 08:29:22.192050'),(394,3,24,'2024-04-15 08:29:22.213052','2024-04-15 08:29:22.213052'),(395,3,24,'2024-04-15 08:29:22.202638','2024-04-15 08:29:22.202638'),(396,3,24,'2024-04-15 08:29:22.217438','2024-04-15 08:29:22.217438'),(397,3,28,'2024-04-15 08:29:22.227466','2024-04-15 08:29:22.227466'),(398,3,28,'2024-04-15 08:29:22.229457','2024-04-15 08:29:22.229457'),(399,3,28,'2024-04-15 08:29:22.232207','2024-04-15 08:29:22.232207'),(400,3,55,'2024-04-15 08:29:22.241884','2024-04-15 08:29:22.241884'),(401,3,63,'2024-04-15 08:29:22.241062','2024-04-15 08:29:22.241062'),(402,3,29,'2024-04-15 08:29:22.244908','2024-04-15 08:29:22.244908'),(403,3,69,'2024-04-15 08:29:22.253464','2024-04-15 08:29:22.253464'),(404,3,56,'2024-04-15 08:29:22.255842','2024-04-15 08:29:22.255842'),(405,3,56,'2024-04-15 08:29:22.265757','2024-04-15 08:29:22.265757'),(406,3,59,'2024-04-15 08:29:22.270629','2024-04-15 08:29:22.270629'),(407,3,59,'2024-04-15 08:29:22.275206','2024-04-15 08:29:22.275206'),(408,3,68,'2024-04-15 08:29:22.286466','2024-04-15 08:29:22.286466'),(409,3,15,'2024-04-15 08:34:44.653012','2024-04-15 08:34:44.653012'),(410,3,16,'2024-04-15 08:34:44.673783','2024-04-15 08:34:44.673783'),(411,3,18,'2024-04-15 08:34:44.688559','2024-04-15 08:34:44.688559'),(412,3,14,'2024-04-15 08:35:02.041988','2024-04-15 08:35:02.041988'),(413,3,81,'2024-04-15 08:35:02.053355','2024-04-15 08:35:02.053355'),(414,3,84,'2024-04-15 08:35:02.061925','2024-04-15 08:35:02.061925');
/*!40000 ALTER TABLE `user_pictures` ENABLE KEYS */;
UNLOCK TABLES;

--
-- Table structure for table `users`
--

DROP TABLE IF EXISTS `users`;
/*!40101 SET @saved_cs_client     = @@character_set_client */;
/*!40101 SET character_set_client = utf8 */;
CREATE TABLE `users` (
  `id` bigint(20) NOT NULL AUTO_INCREMENT,
  `email` varchar(255) NOT NULL,
  `crypted_password` varchar(255) DEFAULT NULL,
  `salt` varchar(255) DEFAULT NULL,
  `name` varchar(255) DEFAULT NULL,
  `created_at` datetime(6) NOT NULL,
  `updated_at` datetime(6) NOT NULL,
  PRIMARY KEY (`id`),
  UNIQUE KEY `index_users_on_email` (`email`)
) ENGINE=InnoDB AUTO_INCREMENT=12 DEFAULT CHARSET=utf8mb4;
/*!40101 SET character_set_client = @saved_cs_client */;

--
-- Dumping data for table `users`
--

LOCK TABLES `users` WRITE;
/*!40000 ALTER TABLE `users` DISABLE KEYS */;
INSERT INTO `users` VALUES (1,'kudo1125maki@gmail.com','$2a$10$QsgJnrykOuzKEeKxlcIh9uKVUmFfrkJzAT35i9kCmhlV3R1KAlAKS','ZReyGrCq6MxAc-WcGuT7','まき','2024-03-30 07:53:16.306054','2024-03-30 07:53:16.306054'),(2,'kudo1125maki2@gmail.com','$2a$10$pO7ibKTvEt7Ah3iU6TTrr.Q.8k9DD6c/SzkqUhQ.TAjZb6NwjArVi','2xh6diTyPAQTNNZmPQzx','maki2','2024-04-11 01:53:50.570894','2024-04-11 01:53:50.570894'),(3,'haruki@com','$2a$10$UShYve90TH.YYPxabmukMeyQ/xaXKkPsageRg1axV9BDdI0dWtCZa','pzN168a7zz8xefLdneYE','haruki','2024-04-14 12:42:13.534239','2024-04-14 12:42:13.534239'),(4,'maki@com','$2a$10$I05GegI/5poI9l3eAeqy9eyvjAcNqDQQgA9NqUqB5G9b7gggXNLUa','nttWzmvZkburoqExy9V3','maki','2024-04-14 13:25:35.367105','2024-04-14 13:25:35.367105'),(9,'aa@zz','$2a$10$4zf31TlqBO2Kp0kI67YVwO4vtJf2qk3HiwBYmdEUayg36DyN59w/K','9qBV_1gKnAXWwJruKdkx','aa','2024-04-15 02:18:26.936592','2024-04-15 02:18:26.936592'),(10,'aaa@aaaa','$2a$10$F/WacIKBhEB9/pf2q5P0Xu.fBT0dZD6qZtkXZpquYiUEtCbMk6kDe','Zvn4nBBxqVw_qk_YbFjy','aaa','2024-04-15 02:20:42.411053','2024-04-15 02:20:42.411053'),(11,'test@com','$2a$10$iPiFF.2BJndJ0WzB0v6W8Ouj6EBQPDsOV9v9tRSnMlYhg1QX/Tvey','R1H2dP9RyJeNoR4h8Xr9','test','2024-04-15 02:31:41.314133','2024-04-15 02:31:41.314133');
/*!40000 ALTER TABLE `users` ENABLE KEYS */;
UNLOCK TABLES;
/*!40103 SET TIME_ZONE=@OLD_TIME_ZONE */;

/*!40101 SET SQL_MODE=@OLD_SQL_MODE */;
/*!40014 SET FOREIGN_KEY_CHECKS=@OLD_FOREIGN_KEY_CHECKS */;
/*!40014 SET UNIQUE_CHECKS=@OLD_UNIQUE_CHECKS */;
/*!40101 SET CHARACTER_SET_CLIENT=@OLD_CHARACTER_SET_CLIENT */;
/*!40101 SET CHARACTER_SET_RESULTS=@OLD_CHARACTER_SET_RESULTS */;
/*!40101 SET COLLATION_CONNECTION=@OLD_COLLATION_CONNECTION */;
/*!40111 SET SQL_NOTES=@OLD_SQL_NOTES */;

-- Dump completed on 2024-04-16 14:08:44
